decision_id,date,stage,decision,options_considered,rationale,evidence,owner,status
DEC-0001,2026-06-26,Stage 2B,Reduce DfT/Secretary of State confusion risk to controlled P1 while retaining Bristol and WECA/MCA P0 blockers,Leave all three Stage 2 legal/governance risks as P0; close all Stage 2 legal/governance risks; narrow only the confirmation-route distinction,"Transport Act 2000 section 184 and section 198 evidence controls the Secretary of State confirmation route for initial England-only WPL schemes, but Bristol order-maker/submitter and WECA/MCA role remain unresolved",analysis/legal/stage-2b-current-law-role-map.md; review/stage_gate_reports/stage-2b-current-law-role-map-report.md,Simulation Gate Authority,working
DEC-0002,2026-06-26,Stage 2C,Narrow Bristol authority-status risk while retaining internal order-maker and submitter P0 blocker,Close Bristol route entirely; leave broad Bristol authority uncertainty unchanged; narrow only authority-status source chain,Transport Act 2000 sections 178 179 198 and 163 RTRA 1984 section 121A and Avon structural-change evidence support Bristol-led authority-status working control but do not allocate internal WPL order-making or statutory submission,analysis/legal/stage-2c-bristol-authority-and-internal-order-route.md; review/stage_gate_reports/stage-2c-bristol-authority-route-report.md,Simulation Gate Authority,working
DEC-0003,2026-06-26,Stage 2D,Control Bristol OBC progression and FBC member route while retaining final order-maker and submitter P0 blocker,Reduce all Bristol internal route issues to P1; leave Bristol route entirely P0; narrow OBC progression and FBC route only,Bristol decision notices forward plans and constitution sources support Transport and Connectivity Committee route for OBC progression and FBC but do not expressly allocate final WPL licensing-scheme order-making or Secretary of State submission,analysis/legal/stage-2d-bristol-internal-decision-route.md; review/stage_gate_reports/stage-2d-bristol-internal-decision-route-report.md,Simulation Gate Authority,working
DEC-0004,2026-06-26,Stage 2E,Control WECA/MCA evidence language while retaining current-law role and funding dependency P0 blocker,Close WECA/MCA role; leave all WECA/MCA evidence unclassified; narrow only strategic-context and conditional funding-assurance wording,WECA strategy assurance constitution and current-law sources support strategic context and conditional funding-assurance relevance only; they do not evidence formal approval support objection consent no-role funding decision or transferred/concurrent WPL function,analysis/weca-role-and-evidence/stage-2e-weca-mca-role-classification.md; review/stage_gate_reports/stage-2e-weca-mca-role-classification-report.md,Simulation Gate Authority,working
DEC-0005,2026-06-26,Stage 2F,Control WECA/MCA current-law function map while retaining no-role consent and funding dependency blockers,Treat scoped-source silence as no-role; leave WECA/MCA function map entirely open; state only that scoped sources do not support transferred/concurrent WPL order-making,Transport Act WPL sources frame local or joint licensing schemes by non-metropolitan local traffic authorities; acquired WECA/MCA current-law and constitution sources do not identify an express transferred or concurrent WPL order-making function but do show strategic funding and transport interfaces,analysis/weca-role-and-evidence/stage-2f-current-law-function-map.md; review/stage_gate_reports/stage-2f-current-law-function-map-report.md,Simulation Gate Authority,working
DEC-0006,2026-06-26,Stage 2G,Control WECA/MCA public meeting-record search while retaining no-role consent and funding dependency blockers,Treat bounded public search absence as no-role; ignore WPL-adjacent hits; classify official ModernGov hits and preserve funding-assurance interfaces,Stage 2G bounded official ModernGov search did not locate formal Bristol WPL approval support objection consent sponsorship or funding decision; material hits show public-item token matches and CRSTS TCR mass-transit investment-fund delivery-assurance context only,analysis/weca-role-and-evidence/stage-2g-meeting-record-search-log.md; review/stage_gate_reports/stage-2g-meeting-record-search-report.md,Simulation Gate Authority,working
DEC-0007,2026-06-26,Stage 2H,Control WECA/MCA package funding and assurance triggers while retaining no-role consent consultation-response and final funding dependency blockers,Misclassify CRSTS TCR mass-transit investment-fund and delivery-assurance material as WPL approval; leave funding assurance context unclassified; classify conditional package triggers and create bounded context packet,Stage 2H evidence supports conditional package-level funding assurance interface classification only and requires package cost-line funding assurance route decision-source and gate-effect rows before OBC/FBC reliance,analysis/weca-role-and-evidence/stage-2h-package-funding-assurance-trigger-map.md; analysis/weca-role-and-evidence/post-stage-2h-context-packet.md; review/stage_gate_reports/stage-2h-package-funding-assurance-report.md,Simulation Gate Authority,working
DEC-0008,2026-06-26,Stage 2I,Control Bristol final order and submission decision-box wording while retaining final route P0 blocker,Close final order-maker route from committee remit; use officer authentication as order-making authority; keep route open but specify Full Council committee and officer execution options,Local evidence supports Bristol-led working assumption and OBC/FBC committee route but does not expressly allocate final WPL licensing scheme order-making or Secretary of State submission; Stage 2I preserves P0 and adds mandatory decision-box signatory and confirmation-condition controls,analysis/legal/stage-2i-final-order-submission-route-control.md; review/stage_gate_reports/stage-2i-final-order-submission-route-report.md; statutory_dossier/council_resolutions/bristol_wpl_decision_route_map.md,Simulation Gate Authority,working
DEC-0009,2026-06-26,Stage 2J,Control DfT procedural expectation and engagement classification while retaining WPL-specific process open,Treat generic DfT business-case and TAG guidance as WPL confirmation procedure; treat GOV.UK search absence as proof no procedure exists; classify guidance and search evidence while preserving DfT process gap,Stage 2J evidence supports Secretary of State confirmation as statutory assumption and generic DfT TAG business-case alignment but does not identify a WPL-specific DfT dossier format contact route timetable inquiry modification or post-confirmation process,analysis/legal/stage-2j-dft-procedural-expectations-and-engagement-classification.md; review/stage_gate_reports/stage-2j-dft-procedural-expectations-report.md; statutory_dossier/dft_pre_application/questions_for_dft.md,Simulation Gate Authority,working
DEC-0010,2026-06-26,Stage 2K,Control WPL revocation variation and consultation terminology while retaining process gaps,Close revocation route entirely; apply RPI-only variation exemption to all amendments; classify making variation revocation and consultation controls while preserving publication DfT process public-law consultation and Bristol route gaps,Transport Act section 183 supports making varying and revoking by order section 184 controls initial and ordinary variation confirmation and 2009 Regulations give only a narrow RPI-only variation exemption; section 185 maps consultation and inquiry powers but does not close process readiness,analysis/legal/stage-2k-revocation-variation-and-consultation-control.md; review/stage_gate_reports/stage-2k-revocation-variation-report.md,Simulation Gate Authority,working
DEC-0011,2026-06-26,Stage 2L,Create bounded context controls for future legal governance statutory OBC FBC DfT WECA MCA order-change and consultation agents while retaining all substantive blockers,Leave context scattered across Stage 2B to Stage 2K; require every agent to load the whole repo; create mandatory packet domain add-ons banned claims and escalation rules,Stage 2B to Stage 2K controls are now too numerous for safe default loading; a compact mandatory packet reduces hallucination risk and preserves P0 P1 blockers without adding new authority evidence,analysis/legal/post-stage-2-legal-governance-context-packet.md; review/peer_review/stage-2l-context-management-review.md; review/stage_gate_reports/stage-2l-context-management-report.md,Simulation Gate Authority,working
DEC-0012,2026-06-26,Stage 4A,Create boundary and parking-inventory control architecture while retaining the Stage 4 P0 blocker,Create dummy boundary and parking data; leave Stage 4 entirely placeholder; create source-provenance topology canonical inventory DPIA and operations-linkage controls without live data,Stage 4 cannot progress without authoritative boundary and parking inventory evidence; control templates and spatial QA reduce false-evidence risk while preserving no-go status for appraisal consultation revenue enforcement and statutory schedule reliance,analysis/spatial/stage-4a-boundary-and-parking-inventory-control-package.md; review/peer_review/stage-4a-spatial-data-review.md; review/stage_gate_reports/stage-4a-boundary-parking-control-report.md,Simulation Gate Authority,working
DEC-0013,2026-06-26,Stage 5A,Create options and appraisal control architecture while retaining the Stage 5 P0 blocker,Create shortlist and BCR from templates; leave appraisal entirely placeholder; create OAR ASR ASST model-card benefits transferability uncertainty and reappraisal controls without model outputs,Stage 5 cannot progress without OAR agreed ASR completed ASST model cards outputs uncertainty and review; control templates and appraisal QA reduce false recommendation and false VFM risk while preserving no-go status for OBC FBC consultation and statutory reliance,analysis/economic/stage-5a-options-appraisal-control-package.md; review/analytical_assurance/stage-5a-options-appraisal-review.md; review/stage_gate_reports/stage-5a-options-appraisal-control-report.md,Simulation Gate Authority,working
DEC-0014,2026-06-26,Stage 3A,Create strategic assessment and package funding controls while retaining the Stage 3 no-go blocker,Create preferred strategic case and investment package; leave strategic assessment entirely placeholder; create problem baseline objective theory-of-change benefits dependency and package funding controls without selecting a package,Stage 3 cannot progress without evidenced problem definition baseline objectives stakeholder evidence theory of change dependencies benefits and package funding assurance; control templates and strategic QA reduce false strategic-readiness risk while preserving no-go status for OBC FBC consultation and statutory reliance,analysis/strategic/stage-3a-strategic-assessment-control-package.md; review/peer_review/stage-3a-strategic-assessment-review.md; review/stage_gate_reports/stage-3a-strategic-assessment-control-report.md,Simulation Gate Authority,working
DEC-0015,2026-06-26,Stage 6A,Create OBC readiness and assembly controls while retaining the OBC assembly no-go blocker,Assemble a placeholder OBC from templates; leave assembly script passive; actively block assembly and create section dependency claim dependency no-go claim and assurance controls,Open P0 blockers make OBC assembly unsafe; an active assembly guard and OBC QA reduce false-readiness risk while preserving no-go status for OBC approval consultation FBC and statutory reliance,analysis/obc/stage-6a-obc-readiness-control-package.md; review/peer_review/stage-6a-obc-readiness-review.md; review/stage_gate_reports/stage-6a-obc-readiness-control-report.md,Simulation Gate Authority,working
DEC-0016,2026-06-26,Stage 8A,Create consultation readiness controls while retaining the consultation launch no-go blocker,Draft consultation material and questionnaire now; leave consultation area empty; create launch material stakeholder privacy accessibility response-data analysis and no-go controls only,Open legal WECA MCA DfT spatial appraisal OBC DPIA equality accessibility and operating-procedure blockers make launch and material production unsafe; Stage 8A controls reduce false consultation readiness risk while preserving no-go status,analysis/consultation/stage-8a-consultation-readiness-control-package.md; review/peer_review/stage-8a-consultation-readiness-review.md; review/stage_gate_reports/stage-8a-consultation-readiness-control-report.md,Simulation Gate Authority,working
DEC-0017,2026-06-26,Stage 9A,Create public/officer assurance layer while retaining all substantive no-go blockers,Leave README technical and agent-facing; create a public microsite only; restructure README and add public officer controls registers and validators,The repo needs to be understandable by public readers cabinet members officers and specialist reviewers without implying approval or readiness; Stage 9A improves navigation lessons and checks while preserving all P0 P1 blockers,README.md; docs/public/README.md; docs/officer/assurance-dashboard.md; governance/pitfalls_register.csv; analysis/economic/nottingham_lessons_register.csv; review/stage_gate_reports/stage-9a-public-officer-assurance-report.md,Simulation Gate Authority,working
DEC-0018,2026-06-26,Stage 7A,Create OBC assurance gate controls while retaining the Stage 7 OBC gate no-go blocker,Try to pass Stage 7 gate now; leave Stage 7 undefined; create checklist panel decision-report and red-team controls without a proceed recommendation,Open legal WECA MCA boundary appraisal OBC evidence and consultation blockers make an OBC gate pass unsafe; Stage 7A defines the future gate test while preserving no-go status,analysis/obc/stage-7a-obc-assurance-gate-control-package.md; business_case/obc/controls/stage-7-obc-gate-checklist.csv; review/stage_gate_reports/stage-7a-obc-assurance-gate-report.md,Simulation Gate Authority,working
DEC-0019,2026-06-26,Stage 10A,Create statutory dossier controls while retaining the statutory submission no-go blocker,Rejected option: assemble a statutory submission now. Rejected option: leave statutory dossier placeholders unstructured. Selected option: create component readiness no-go route and clause controls without submission readiness.,Open Bristol WECA MCA DfT boundary consultation FBC finance operations and statutory route blockers make submission unsafe; Stage 10A defines the future dossier test while preserving no-go status,analysis/legal/stage-10a-statutory-confirmation-dossier-control-package.md; statutory_dossier/controls/dossier-component-register.csv; review/stage_gate_reports/stage-10a-statutory-dossier-control-report.md,Simulation Gate Authority,working
DEC-0020,2026-06-26,Stage 11A,Create final FBC/statutory gate controls while retaining the Stage 11 no-go blocker,Rejected option: recommend FBC approval or statutory submission now. Rejected option: rely only on generic gate-obc/gate-fbc checks. Selected option: create final gate checklist assurance panel no-go decision-report and red-team controls without readiness.,Open legal WECA MCA DfT boundary consultation FBC Section 151 finance commercial operations data appraisal equality and residual-risk blockers make a recommendation unsafe; Stage 11A defines the future final gate test while preserving no-go status,analysis/fbc/stage-11a-fbc-statutory-gate-control-package.md; business_case/fbc/controls/stage-11-fbc-statutory-gate-checklist.csv; review/stage_gate_reports/stage-11a-fbc-statutory-gate-report.md,Simulation Gate Authority,working
DEC-0021,2026-06-26,Stage 12A,Record public repository release while retaining all WPL no-go blockers,Rejected option: treat public GitHub visibility as an endorsement or readiness milestone. Selected option: create publication checklist no-go register scan register and public-release validator.,The repository is public but public visibility is not approval; Stage 12A records publication controls and keeps all WPL readiness gates blocked.,analysis/publication/stage-12a-public-release-control-package.md; publication/controls/repository-publication-checklist.csv; review/stage_gate_reports/stage-12a-public-release-gate-report.md,Simulation Gate Authority,working
DEC-0022,2026-06-26,Stage 13A,Create critical-path handover controls while retaining all substantive no-go blockers,Rejected option: treat the critical path as an approved programme. Rejected option: leave open blockers unowned. Selected option: map blockers to planning work packages and a control-only 90-day plan without approval spend procurement or gate effects.,Open legal WECA MCA DfT spatial appraisal consultation FBC finance operations data equality and public-release blockers make mobilisation unsafe; Stage 13A improves handover clarity while preserving every no-go status.,analysis/handover/stage-13a-critical-path-handover-control-package.md; handover/controls/critical-path-work-package-register.csv; docs/officer/next-steps-critical-path.md; review/stage_gate_reports/stage-13a-critical-path-handover-gate-report.md,Simulation Gate Authority,working
DEC-0023,2026-06-26,Stage 14A,Create source-note controls while retaining the acquired-source note backlog,Rejected option: mark source notes complete for all priority sources. Rejected option: rely directly on extraction text without source-use notes. Selected option: create a cross-workstream source-note pilot coverage register no-go register and validator while keeping ISS-0007 open.,High-confidence business-case drafting is unsafe without source-use limits and reviewed notes; Stage 14A creates a repeatable pattern without claiming full evidence review or claim verification.,analysis/evidence/stage-14a-source-note-control-package.md; evidence/source_notes/README.md; evidence/source_notes/source-note-coverage-register.csv; review/stage_gate_reports/stage-14a-source-note-control-report.md,Simulation Gate Authority,working
DEC-0024,2026-06-26,Stage 14B,Remove/redact current-tree token-pattern collision artifacts and add secret-scan controls while leaving history rewrite as a separate explicit-approval action,"Leave public source PDFs unchanged; delete all raw PDFs; rewrite git history immediately; selected option: remove only current offending raw PDFs, redact extracted text, retain source URLs/hashes and add scanner/tests.","The alert pattern was found in public Power BI report identifiers inside BCC committee packs, but public repositories still need clean hosted secret-scanning posture and no secret values in output. History rewrite is disruptive and requires explicit approval.",scripts/scan_secrets.py; evidence/source_register.csv; review/stage_gate_reports/stage-14b-public-repo-secret-scan-report.md,Simulation Gate Authority,working
DEC-0025,2026-06-26,Stage 14C,Dry-run the history rewrite path while blocking live force-push pending explicit approval,"Force-push on continue; do nothing beyond Stage 14B; selected option: test the rewrite in a temporary mirror, document the approval boundary and leave live origin/main untouched.",History rewrite can remove detector-collision blobs from reachable main history but is disruptive and needs explicit approval; a dry run provides evidence without remote risk.,analysis/evidence/stage-14c-history-rewrite-decision-package.md; review/stage_gate_reports/stage-14c-history-rewrite-decision-report.md; scripts/stage14b_history_redact.py,Simulation Gate Authority,working
DEC-0026,2026-06-26,Stage 14D,Execute the approved live history rewrite with force-with-lease and record post-push verification,"Do not rewrite live history; push blindly; selected option: fresh remote mirror rewrite, force-with-lease against exact old head, local reset and post-push local plus fresh-remote scans.",The user approved the rewrite and Stage 14C dry run proved the method; force-with-lease and fresh remote scan reduced remote-update and verification risk.,review/stage_gate_reports/stage-14d-live-history-rewrite-completion-report.md; analysis/evidence/stage-14d-live-history-rewrite-completion.md,Simulation Gate Authority,working
DEC-0027,2026-06-26,Stage 14E,Record repository-side hosted-alert checks while leaving GitGuardian disposition open,Claim alert closed from repository scans; skip hosted-alert follow-up; selected option: record available GitHub and local checks and require direct GitGuardian disposition.,GitGuardian is the reported scanner and cannot be queried from this workspace; repository-side scans are necessary but not sufficient for hosted alert closure.,analysis/evidence/stage-14e-hosted-alert-disposition.md; review/stage_gate_reports/stage-14e-hosted-alert-disposition-report.md,Simulation Gate Authority,working
DEC-0028,2026-06-26,Stage 15A,Expand source-note coverage for legal and Bristol governance sources while retaining the acquired-source note backlog,Close ISS-0007 after the first pilot; attempt all remaining sources in one stage; selected option: create a bounded legal/governance expansion cohort with validator coverage and keep backlog gates open.,Legal route and Bristol governance sources are the highest overclaim risk for public/cabinet/officer readers; expanding this cohort improves due diligence without pretending WECA appraisal Nottingham comparator or remaining priority sources are complete.,evidence/source_notes/source-note-coverage-register.csv; evidence/source_notes/expanded/; review/stage_gate_reports/stage-15a-source-note-expansion-report.md,Simulation Gate Authority,working
DEC-0029,2026-06-26,Stage 15B,Complete downloaded priority-1 source-note coverage while preserving claim-level and WPL readiness gaps,Stop after Stage 15A partial expansion; attempt claim-level summaries now; selected option: complete source-note coverage for remaining downloaded priority-1 sources and open a separate claim-level summary gap.,"Completing acquired priority source-note coverage reduces source-use hallucination risk, but claim verification and business-case drafting need a separate controlled stage.",analysis/context/stage-15b-source-note-completion-context.md; evidence/source_notes/source-note-coverage-register.csv; review/stage_gate_reports/stage-15b-source-note-completion-report.md,Simulation Gate Authority,working
DEC-0030,2026-06-26,Stage 16A,Create claim-level summaries for the current claim matrix while preserving future drafting-specific claim gaps,Stop after source notes; create OBC prose now; selected option: create current-matrix claim summaries and validator without drafting reliance.,Stage 15B completed source-note coverage but left EG-0044 open. Claim summaries reduce citation drift while avoiding premature business-case drafting.,analysis/context/stage-16a-claim-summary-control-context.md; evidence/claim_summaries/claim-summary-register.csv; review/stage_gate_reports/stage-16a-claim-summary-control-report.md,Simulation Gate Authority,working
DEC-0031,2026-06-26,Stage 17A,Create editable authoring guardrails while keeping assembled outputs blocked,Assemble OBC/FBC now; leave templates undocumented; selected option: create output map validator and no-PDF guardrails without assembly.,Claim summaries and source notes improve drafting controls but readiness blockers make assembled documents unsafe; output-specific guardrails reduce false readiness and PDF leakage risk.,analysis/context/stage-17a-editable-document-assembly-context.md; docs/authoring/document-assembly-control-register.csv; review/stage_gate_reports/stage-17a-editable-document-assembly-report.md,Simulation Gate Authority,working
DEC-0032,2026-06-26,Stage 18A,Strengthen Nottingham and comparator material as blocked transferability questions rather than Bristol forecasts,"Use Nottingham as forecast; remove comparator material; selected option: keep comparator material but harden no-transfer controls and public/officer navigation.","Nottingham is the only implemented UK WPL precedent but Bristol needs its own boundary inventory residential baseline appraisal model revenue and consultation evidence before reliance.",analysis/context/stage-18a-nottingham-displacement-transferability-context.md; analysis/economic/nottingham_lessons_register.csv; analysis/economic/nottingham-transferability-matrix.csv; review/stage_gate_reports/stage-18a-nottingham-displacement-transferability-report.md,Simulation Gate Authority,working
DEC-0033,2026-06-26,Stage 19A,Create public and cabinet comprehension controls while preserving no-readiness status,"Leave README as only entry point; create full communications pack; selected option: add bounded reader guides risk atlas crosswalk visual and validator without claiming user-tested communications assurance.","A public repository can create false assurance if green controls visual maps or simulation sign-offs look like approval. Stage 19A improves navigation while preserving blocked WPL gates.",analysis/context/stage-19a-public-cabinet-comprehension-context.md; docs/public/how-to-read-this-repo.md; docs/officer/cabinet-and-officer-navigation-guide.md; review/stage_gate_reports/stage-19a-public-cabinet-comprehension-report.md,Simulation Gate Authority,working
DEC-0034,2026-06-26,Stage 20A,Create static visual/accessibility QA controls while preserving user-testing and rendered-review gaps,"Claim visuals accessible after syntax checks; skip visual QA; selected option: add static visual QA register captions legends text fallbacks and validator while keeping EG-0047 and EG-0048 open.","Stage 19A added visual navigation that improves comprehension but can create false assurance. Static QA reduces drift without pretending to be professional accessibility review or user testing.",analysis/context/stage-20a-visual-accessibility-qa-context.md; docs/visuals/visual-accessibility-qa-register.csv; scripts/validate_visual_accessibility.py,Simulation Gate Authority,working
DEC-0035,2026-06-26,Stage 21A,Create repo-local link and navigation integrity controls while excluding external liveness and content truth,"Crawl external links now; rely on manual navigation; selected option: validate repo-local links latest-stage alignment and required routes only.","Stages 19A and 20A added more public/officer routes. Static repo-local validation reduces broken-path drift without pretending to validate evidence accuracy external liveness comprehension accessibility or WPL readiness.",analysis/context/stage-21a-link-navigation-integrity-context.md; scripts/validate_navigation_integrity.py; review/stage_gate_reports/stage-21a-link-navigation-integrity-report.md,Simulation Gate Authority,working
DEC-0036,2026-06-26,Stage 22A,Create source-link freshness metadata controls while excluding source truth legal currentness and readiness claims,"Treat HTTP 200 as source verified; avoid external checks; selected option: record priority-1 URL reachability metadata and validate it offline with explicit no-claim wording.","Stage 21A left external source liveness and currentness outside scope. Stage 22A reduces stale-link risk while preserving source authority content truth legal-currentness GitGuardian and readiness gaps.",analysis/context/stage-22a-external-source-liveness-currentness-context.md; evidence/external_source_liveness_register.csv; review/stage_gate_reports/stage-22a-external-source-liveness-currentness-report.md,Simulation Gate Authority,working
DEC-0037,2026-06-26,Stage 23A,Create register reference integrity controls while excluding row-substance and readiness claims,"Call it semantic assurance; rely on manual register review; selected option: validate scoped ID path and primary-key resolution with linkage-only wording.","Stage 21A and Stage 22A reduced navigation and source-link drift. Stage 23A reduces register-reference drift while preserving evidence truth row meaning legal correctness professional assurance and readiness gaps.",analysis/context/stage-23a-register-reference-integrity-context.md; scripts/validate_register_references.py; review/stage_gate_reports/stage-23a-register-reference-integrity-report.md,Simulation Gate Authority,working
DEC-0038,2026-06-26,Stage 24A,Create dashboard blocker consistency controls while excluding blocker completeness and risk-adequacy claims,"Treat README blocker row as comprehensive assurance; leave manual; selected option: validate visible blocker IDs and latest-stage surfacing only.","Stage 23A reduces register reference drift. Stage 24A reduces public/officer blocker-surfacing drift while preserving blocker completeness risk adequacy evidence truth professional assurance and readiness gaps.",analysis/context/stage-24a-dashboard-blocker-consistency-context.md; scripts/validate_dashboard_consistency.py; review/stage_gate_reports/stage-24a-dashboard-blocker-consistency-report.md,Simulation Gate Authority,working
DEC-0039,2026-06-26,Stage 25A,Create stage-gate report structure consistency controls while excluding historical execution and substantive gate correctness claims,"Treat report pass language as proof; skip report QA; selected option: validate recent report structure and command references with structure-only wording.","Recent stages increasingly rely on gate reports. Stage 25A reduces report drift while preserving command-execution proof substantive judgement evidence truth professional assurance and readiness gaps.",analysis/context/stage-25a-stage-gate-report-evidence-consistency-context.md; scripts/validate_stage_gate_reports.py; review/stage_gate_reports/stage-25a-stage-gate-report-evidence-consistency-report.md,Simulation Gate Authority,working
DEC-0040,2026-06-26,Stage 26A,Create validation evidence log controls while excluding substantive assurance and readiness claims,"Treat command summaries as assurance; omit command evidence; selected option: record bounded command-run evidence and preserve validation-log-only wording.","Stage 26A narrows the Stage 25A command-evidence gap by recording command outputs while preserving evidence truth source currentness legal correctness professional assurance and readiness gaps.",analysis/context/stage-26a-validation-evidence-log-context.md; scripts/validate_validation_evidence_log.py; review/stage_gate_reports/stage-26a-validation-evidence-log-controls-report.md,Simulation Gate Authority,working
DEC-0041,2026-06-26,Stage 27A,Create lag-one validation evidence coverage controls for Stage 26A while excluding command sufficiency and substantive assurance claims,"Parse latest stage dynamically; require self-validation; selected option: explicitly target Stage 26A and defer Stage 27A coverage to a later lag-one stage.","Stage 27A tests the new validation evidence process by requiring Stage 26A rows and log while avoiding self-reference and preserving evidence truth source currentness legal correctness professional assurance and readiness gaps.",analysis/context/stage-27a-validation-coverage-context.md; scripts/validate_validation_coverage.py; review/stage_gate_reports/stage-27a-validation-evidence-coverage-report.md,Simulation Gate Authority,working
DEC-0042,2026-06-27,Stage 28A,Create Bristol public-source coverage controls while excluding source truth currentness formal decision and media accuracy claims,"Treat links as untracked; treat media as evidence; selected option: reconcile the three URLs to source IDs and publish source-type access-state and claim-use limits.","Stage 28A answers the user-provided URL relevance question and reduces future-agent hallucination risk while preserving source truth legal correctness professional assurance and readiness gaps.",analysis/context/stage-28a-bristol-live-public-source-coverage-context.md; scripts/validate_bristol_public_sources.py; review/stage_gate_reports/stage-28a-bristol-live-public-source-coverage-report.md,Simulation Gate Authority,working
